{"v":"5.1.1","fr":60,"ip":0,"op":232,"w":472,"h":472,"nm":"connect-V3","ddd":0,"assets":[{"id":"image_0","w":116,"h":118,"u":"images/","p":"loading_normal_ico.png"},{"id":"image_1","w":116,"h":118,"u":"images/","p":"loading_highlight_ico.png"},{"id":"image_2","w":436,"h":436,"u":"images/","p":"loading_light.png"},{"id":"image_3","w":402,"h":410,"u":"images/","p":"loading_bg3.png"},{"id":"image_4","w":360,"h":390,"u":"images/","p":"loading_press.png"},{"id":"image_5","w":380,"h":380,"u":"images/","p":"loading_bg2.png"},{"id":"image_6","w":400,"h":400,"u":"images/","p":"loading_bg.png"}],"layers":[{"ddd":0,"ind":1,"ty":4,"nm":"Burst 2","sr":1,"ks":{"o":{"a":0,"k":100,"ix":11},"r":{"a":0,"k":9,"ix":10},"p":{"a":0,"k":[236,236,0],"ix":2},"a":{"a":0,"k":[0,0,0],"ix":1},"s":{"a":0,"k":[100,100,100],"ix":6}},"ao":0,"ef":[{"ty":5,"nm":"Global Position","np":3,"mn":"ADBE Point Control","ix":1,"en":1,"ef":[{"ty":3,"nm":"点","mn":"ADBE Point Control-0001","ix":1,"v":{"a":0,"k":[236,236],"ix":1}}]},{"ty":5,"nm":"# of Copies","np":3,"mn":"ADBE Slider Control","ix":2,"en":1,"ef":[{"ty":0,"nm":"滑块","mn":"ADBE Slider Control-0001","ix":1,"v":{"a":0,"k":7,"ix":1}}]},{"ty":5,"nm":"Copies Revolution","np":3,"mn":"ADBE Slider Control","ix":3,"en":1,"ef":[{"ty":0,"nm":"滑块","mn":"ADBE Slider Control-0001","ix":1,"v":{"a":0,"k":360,"ix":1}}]},{"ty":5,"nm":"Revolution Offset","np":3,"mn":"ADBE Slider Control","ix":4,"en":1,"ef":[{"ty":0,"nm":"滑块","mn":"ADBE Slider Control-0001","ix":1,"v":{"a":0,"k":0,"ix":1}}]},{"ty":5,"nm":"Burst Offset","np":3,"mn":"ADBE Slider Control","ix":5,"en":1,"ef":[{"ty":0,"nm":"滑块","mn":"ADBE Slider Control-0001","ix":1,"v":{"a":0,"k":0,"ix":1}}]},{"ty":5,"nm":"Distance from Center","np":3,"mn":"ADBE Slider Control","ix":6,"en":1,"ef":[{"ty":0,"nm":"滑块","mn":"ADBE Slider Control-0001","ix":1,"v":{"a":1,"k":[{"i":{"x":[0.022],"y":[1]},"o":{"x":[0.333],"y":[0]},"n":["0p022_1_0p333_0"],"t":197,"s":[42],"e":[59]},{"t":218}],"ix":1}}]},{"ty":5,"nm":"Link Width & Height","np":3,"mn":"ADBE Checkbox Control","ix":7,"en":1,"ef":[{"ty":7,"nm":"复选框","mn":"ADBE Checkbox Control-0001","ix":1,"v":{"a":0,"k":0,"ix":1}}]},{"ty":5,"nm":"Burst Width","np":3,"mn":"ADBE Slider Control","ix":8,"en":1,"ef":[{"ty":0,"nm":"滑块","mn":"ADBE Slider Control-0001","ix":1,"v":{"a":1,"k":[{"i":{"x":[0.833],"y":[0.833]},"o":{"x":[0.167],"y":[0.167]},"n":["0p833_0p833_0p167_0p167"],"t":210,"s":[6],"e":[5.899]},{"i":{"x":[0.833],"y":[0.833]},"o":{"x":[0.167],"y":[0.167]},"n":["0p833_0p833_0p167_0p167"],"t":211,"s":[5.899],"e":[5.618]},{"i":{"x":[0.833],"y":[0.833]},"o":{"x":[0.167],"y":[0.167]},"n":["0p833_0p833_0p167_0p167"],"t":212,"s":[5.618],"e":[5.189]},{"i":{"x":[0.833],"y":[0.833]},"o":{"x":[0.167],"y":[0.167]},"n":["0p833_0p833_0p167_0p167"],"t":213,"s":[5.189],"e":[4.645]},{"i":{"x":[0.833],"y":[0.833]},"o":{"x":[0.167],"y":[0.167]},"n":["0p833_0p833_0p167_0p167"],"t":214,"s":[4.645],"e":[4.02]},{"i":{"x":[0.833],"y":[0.833]},"o":{"x":[0.167],"y":[0.167]},"n":["0p833_0p833_0p167_0p167"],"t":215,"s":[4.02],"e":[3.345]},{"i":{"x":[0.833],"y":[0.833]},"o":{"x":[0.167],"y":[0.167]},"n":["0p833_0p833_0p167_0p167"],"t":216,"s":[3.345],"e":[2.655]},{"i":{"x":[0.833],"y":[0.833]},"o":{"x":[0.167],"y":[0.167]},"n":["0p833_0p833_0p167_0p167"],"t":217,"s":[2.655],"e":[1.98]},{"i":{"x":[0.833],"y":[0.833]},"o":{"x":[0.167],"y":[0.167]},"n":["0p833_0p833_0p167_0p167"],"t":218,"s":[1.98],"e":[1.355]},{"i":{"x":[0.833],"y":[0.833]},"o":{"x":[0.167],"y":[0.167]},"n":["0p833_0p833_0p167_0p167"],"t":219,"s":[1.355],"e":[0.811]},{"i":{"x":[0.833],"y":[0.833]},"o":{"x":[0.167],"y":[0.167]},"n":["0p833_0p833_0p167_0p167"],"t":220,"s":[0.811],"e":[0.382]},{"i":{"x":[0.833],"y":[0.833]},"o":{"x":[0.167],"y":[0.167]},"n":["0p833_0p833_0p167_0p167"],"t":221,"s":[0.382],"e":[0.101]},{"i":{"x":[0.833],"y":[0.833]},"o":{"x":[0.167],"y":[0.167]},"n":["0p833_0p833_0p167_0p167"],"t":222,"s":[0.101],"e":[0]},{"t":223}],"ix":1}}]},{"ty":5,"nm":"Burst Height","np":3,"mn":"ADBE Slider Control","ix":9,"en":1,"ef":[{"ty":0,"nm":"滑块","mn":"ADBE Slider Control-0001","ix":1,"v":{"a":1,"k":[{"i":{"x":[0.667],"y":[1]},"o":{"x":[0.333],"y":[0]},"n":["0p667_1_0p333_0"],"t":210,"s":[6],"e":[0]},{"t":223}],"ix":1}}]},{"ty":5,"nm":"Stroke Width","np":3,"mn":"ADBE Slider Control","ix":10,"en":1,"ef":[{"ty":0,"nm":"滑块","mn":"ADBE Slider Control-0001","ix":1,"v":{"a":0,"k":-158,"ix":1}}]},{"ty":5,"nm":"Fill On | Off","np":3,"mn":"ADBE Checkbox Control","ix":11,"en":1,"ef":[{"ty":7,"nm":"复选框","mn":"ADBE Checkbox Control-0001","ix":1,"v":{"a":0,"k":1,"ix":1}}]},{"ty":5,"nm":"Fill Color","np":3,"mn":"ADBE Color Control","ix":12,"en":1,"ef":[{"ty":2,"nm":"颜色","mn":"ADBE Color Control-0001","ix":1,"v":{"a":0,"k":[0.333333343267,0.866666674614,0.949019610882,1],"ix":1}}]},{"ty":5,"nm":"Stroke On | Off","np":3,"mn":"ADBE Checkbox Control","ix":13,"en":1,"ef":[{"ty":7,"nm":"复选框","mn":"ADBE Checkbox Control-0001","ix":1,"v":{"a":0,"k":1,"ix":1}}]},{"ty":5,"nm":"Stroke Color","np":3,"mn":"ADBE Color Control","ix":14,"en":1,"ef":[{"ty":2,"nm":"颜色","mn":"ADBE Color Control-0001","ix":1,"v":{"a":0,"k":[0.453999996185,0.73299998045,1,1],"ix":1}}]},{"ty":5,"nm":"Burst Roundness","np":3,"mn":"ADBE Slider Control","ix":15,"en":1,"ef":[{"ty":0,"nm":"滑块","mn":"ADBE Slider Control-0001","ix":1,"v":{"a":0,"k":94,"ix":1}}]},{"ty":5,"nm":"Link Seq. Width & Height","np":3,"mn":"ADBE Checkbox Control","ix":16,"en":1,"ef":[{"ty":7,"nm":"复选框","mn":"ADBE Checkbox Control-0001","ix":1,"v":{"a":0,"k":1,"ix":1}}]},{"ty":5,"nm":"Sequential - Width","np":3,"mn":"ADBE Slider Control","ix":17,"en":1,"ef":[{"ty":0,"nm":"滑块","mn":"ADBE Slider Control-0001","ix":1,"v":{"a":0,"k":0,"ix":1}}]},{"ty":5,"nm":"Sequential - Height","np":3,"mn":"ADBE Slider Control","ix":18,"en":1,"ef":[{"ty":0,"nm":"滑块","mn":"ADBE Slider Control-0001","ix":1,"v":{"a":0,"k":0,"ix":1}}]}],"shapes":[{"ty":"gr","it":[{"ty":"rc","d":1,"s":{"a":1,"k":[{"i":{"x":[0.833,0.833],"y":[0.833,0.833]},"o":{"x":[0.167,0.167],"y":[0.167,0.167]},"n":["0p833_0p833_0p167_0p167","0p833_0p833_0p167_0p167"],"t":210,"s":[6,6],"e":[5.899,5.899]},{"i":{"x":[0.833,0.833],"y":[0.833,0.833]},"o":{"x":[0.167,0.167],"y":[0.167,0.167]},"n":["0p833_0p833_0p167_0p167","0p833_0p833_0p167_0p167"],"t":211,"s":[5.899,5.899],"e":[5.618,5.618]},{"i":{"x":[0.833,0.833],"y":[0.833,0.833]},"o":{"x":[0.167,0.167],"y":[0.167,0.167]},"n":["0p833_0p833_0p167_0p167","0p833_0p833_0p167_0p167"],"t":212,"s":[5.618,5.618],"e":[5.189,5.189]},{"i":{"x":[0.833,0.833],"y":[0.833,0.833]},"o":{"x":[0.167,0.167],"y":[0.167,0.167]},"n":["0p833_0p833_0p167_0p167","0p833_0p833_0p167_0p167"],"t":213,"s":[5.189,5.189],"e":[4.645,4.645]},{"i":{"x":[0.833,0.833],"y":[0.833,0.833]},"o":{"x":[0.167,0.167],"y":[0.167,0.167]},"n":["0p833_0p833_0p167_0p167","0p833_0p833_0p167_0p167"],"t":214,"s":[4.645,4.645],"e":[4.02,4.02]},{"i":{"x":[0.833,0.833],"y":[0.833,0.833]},"o":{"x":[0.167,0.167],"y":[0.167,0.167]},"n":["0p833_0p833_0p167_0p167","0p833_0p833_0p167_0p167"],"t":215,"s":[4.02,4.02],"e":[3.345,3.345]},{"i":{"x":[0.833,0.833],"y":[0.833,0.833]},"o":{"x":[0.167,0.167],"y":[0.167,0.167]},"n":["0p833_0p833_0p167_0p167","0p833_0p833_0p167_0p167"],"t":216,"s":[3.345,3.345],"e":[2.655,2.655]},{"i":{"x":[0.833,0.833],"y":[0.833,0.833]},"o":{"x":[0.167,0.167],"y":[0.167,0.167]},"n":["0p833_0p833_0p167_0p167","0p833_0p833_0p167_0p167"],"t":217,"s":[2.655,2.655],"e":[1.98,1.98]},{"i":{"x":[0.833,0.833],"y":[0.833,0.833]},"o":{"x":[0.167,0.167],"y":[0.167,0.167]},"n":["0p833_0p833_0p167_0p167","0p833_0p833_0p167_0p167"],"t":218,"s":[1.98,1.98],"e":[1.355,1.355]},{"i":{"x":[0.833,0.833],"y":[0.833,0.833]},"o":{"x":[0.167,0.167],"y":[0.167,0.167]},"n":["0p833_0p833_0p167_0p167","0p833_0p833_0p167_0p167"],"t":219,"s":[1.355,1.355],"e":[0.811,0.811]},{"i":{"x":[0.833,0.833],"y":[0.833,0.833]},"o":{"x":[0.167,0.167],"y":[0.167,0.167]},"n":["0p833_0p833_0p167_0p167","0p833_0p833_0p167_0p167"],"t":220,"s":[0.811,0.811],"e":[0.382,0.382]},{"i":{"x":[0.833,0.833],"y":[0.833,0.833]},"o":{"x":[0.167,0.167],"y":[0.167,0.167]},"n":["0p833_0p833_0p167_0p167","0p833_0p833_0p167_0p167"],"t":221,"s":[0.382,0.382],"e":[0.101,0.101]},{"i":{"x":[0.833,0.833],"y":[0.833,0.833]},"o":{"x":[0.167,0.167],"y":[0.167,0.167]},"n":["0p833_0p833_0p167_0p167","0p833_0p833_0p167_0p167"],"t":222,"s":[0.101,0.101],"e":[0,0]},{"t":223}],"ix":2},"p":{"a":1,"k":[{"i":{"x":0.833,"y":0.833},"o":{"x":0.167,"y":0.167},"n":"0p833_0p833_0p167_0p167","t":197,"s":[0,42],"e":[0,42.137],"to":[0,0.02278327941895],"ti":[0,-0.11184819787741]},{"i":{"x":0.833,"y":0.833},"o":{"x":0.167,"y":0.167},"n":"0p833_0p833_0p167_0p167","t":198,"s":[0,42.137],"e":[0,42.671],"to":[0,0.11184819787741],"ti":[0,-0.30094018578529]},{"i":{"x":0.833,"y":0.833},"o":{"x":0.167,"y":0.167},"n":"0p833_0p833_0p167_0p167","t":199,"s":[0,42.671],"e":[0,43.942],"to":[0,0.30094018578529],"ti":[0,-0.62646931409836]},{"i":{"x":0.833,"y":0.833},"o":{"x":0.167,"y":0.167},"n":"0p833_0p833_0p167_0p167","t":200,"s":[0,43.942],"e":[0,46.43],"to":[0,0.62646931409836],"ti":[0,-0.91391372680664]},{"i":{"x":0.833,"y":0.833},"o":{"x":0.167,"y":0.167},"n":"0p833_0p833_0p167_0p167","t":201,"s":[0,46.43],"e":[0,49.426],"to":[0,0.91391372680664],"ti":[0,-0.88266688585281]},{"i":{"x":0.833,"y":0.833},"o":{"x":0.167,"y":0.167},"n":"0p833_0p833_0p167_0p167","t":202,"s":[0,49.426],"e":[0,51.726],"to":[0,0.88266688585281],"ti":[0,-0.65846318006516]},{"i":{"x":0.833,"y":0.833},"o":{"x":0.167,"y":0.167},"n":"0p833_0p833_0p167_0p167","t":203,"s":[0,51.726],"e":[0,53.377],"to":[0,0.65846318006516],"ti":[0,-0.48044013977051]},{"i":{"x":0.833,"y":0.833},"o":{"x":0.167,"y":0.167},"n":"0p833_0p833_0p167_0p167","t":204,"s":[0,53.377],"e":[0,54.609],"to":[0,0.48044013977051],"ti":[0,-0.36415100097656]},{"i":{"x":0.833,"y":0.833},"o":{"x":0.167,"y":0.167},"n":"0p833_0p833_0p167_0p167","t":205,"s":[0,54.609],"e":[0,55.562],"to":[0,0.36415100097656],"ti":[0,-0.2846539914608]},{"i":{"x":0.833,"y":0.833},"o":{"x":0.167,"y":0.167},"n":"0p833_0p833_0p167_0p167","t":206,"s":[0,55.562],"e":[0,56.316],"to":[0,0.2846539914608],"ti":[0,-0.22697193920612]},{"i":{"x":0.833,"y":0.833},"o":{"x":0.167,"y":0.167},"n":"0p833_0p833_0p167_0p167","t":207,"s":[0,56.316],"e":[0,56.923],"to":[0,0.22697193920612],"ti":[0,-0.18306033313274]},{"i":{"x":0.833,"y":0.833},"o":{"x":0.167,"y":0.167},"n":"0p833_0p833_0p167_0p167","t":208,"s":[0,56.923],"e":[0,57.415],"to":[0,0.18306033313274],"ti":[0,-0.14837200939655]},{"i":{"x":0.833,"y":0.833},"o":{"x":0.167,"y":0.167},"n":"0p833_0p833_0p167_0p167","t":209,"s":[0,57.415],"e":[0,57.814],"to":[0,0.14837200939655],"ti":[0,-0.12017059326172]},{"i":{"x":0.833,"y":0.833},"o":{"x":0.167,"y":0.167},"n":"0p833_0p833_0p167_0p167","t":210,"s":[0,57.814],"e":[0,58.136],"to":[0,0.12017059326172],"ti":[0,-0.09671211242676]},{"i":{"x":0.833,"y":0.833},"o":{"x":0.167,"y":0.167},"n":"0p833_0p833_0p167_0p167","t":211,"s":[0,58.136],"e":[0,58.394],"to":[0,0.09671211242676],"ti":[0,-0.07683563232422]},{"i":{"x":0.833,"y":0.833},"o":{"x":0.167,"y":0.167},"n":"0p833_0p833_0p167_0p167","t":212,"s":[0,58.394],"e":[0,58.597],"to":[0,0.07683563232422],"ti":[0,-0.05973498150706]},{"i":{"x":0.833,"y":0.833},"o":{"x":0.167,"y":0.167},"n":"0p833_0p833_0p167_0p167","t":213,"s":[0,58.597],"e":[0,58.752],"to":[0,0.05973498150706],"ti":[0,-0.04483349993825]},{"i":{"x":0.833,"y":0.833},"o":{"x":0.167,"y":0.167},"n":"0p833_0p833_0p167_0p167","t":214,"s":[0,58.752],"e":[0,58.866],"to":[0,0.04483349993825],"ti":[0,-0.03170903399587]},{"i":{"x":0.833,"y":0.833},"o":{"x":0.167,"y":0.167},"n":"0p833_0p833_0p167_0p167","t":215,"s":[0,58.866],"e":[0,58.943],"to":[0,0.03170903399587],"ti":[0,-0.02003987692297]},{"i":{"x":0.833,"y":0.833},"o":{"x":0.167,"y":0.167},"n":"0p833_0p833_0p167_0p167","t":216,"s":[0,58.943],"e":[0,58.986],"to":[0,0.02003987692297],"ti":[0,-0.00958188343793]},{"i":{"x":0.833,"y":0.833},"o":{"x":0.167,"y":0.167},"n":"0p833_0p833_0p167_0p167","t":217,"s":[0,58.986],"e":[0,59],"to":[0,0.00958188343793],"ti":[0,-0.00231488537975]},{"t":218}],"ix":3},"r":{"a":0,"k":94,"ix":4},"nm":"Burst Piece 1","mn":"ADBE Vector Shape - Rect","hd":false},{"ty":"rp","c":{"a":0,"k":7,"ix":1},"o":{"a":0,"k":0,"ix":2},"m":1,"ix":2,"tr":{"ty":"tr","p":{"a":0,"k":[0,0],"ix":2},"a":{"a":0,"k":[0,0],"ix":1},"s":{"a":0,"k":[100,100],"ix":3},"r":{"a":0,"k":51.429,"ix":4},"so":{"a":0,"k":100,"ix":5},"eo":{"a":0,"k":100,"ix":6},"nm":"变换"},"nm":"Repeater 1","mn":"ADBE Vector Filter - Repeater","hd":false},{"ty":"st","c":{"a":0,"k":[0.453999996185,0.73299998045,1,1],"ix":3},"o":{"a":0,"k":100,"ix":4},"w":{"a":0,"k":0,"ix":5},"lc":1,"lj":1,"ml":4,"nm":"描边 1","mn":"ADBE Vector Graphic - Stroke","hd":false},{"ty":"fl","c":{"a":0,"k":[0.333333343267,0.866666674614,0.949019610882,1],"ix":4},"o":{"a":0,"k":100,"ix":5},"r":1,"nm":"填充 1","mn":"ADBE Vector Graphic - Fill","hd":false},{"ty":"tr","p":{"a":0,"k":[0,0],"ix":2},"a":{"a":0,"k":[0,0],"ix":1},"s":{"a":0,"k":[100,100],"ix":3},"r":{"a":0,"k":0,"ix":6},"o":{"a":0,"k":100,"ix":7},"sk":{"a":0,"k":0,"ix":4},"sa":{"a":0,"k":0,"ix":5},"nm":"变换"}],"nm":"Rectangle 1","np":5,"cix":2,"ix":1,"mn":"ADBE Vector Group","hd":false}],"ip":197,"op":3604,"st":4,"bm":0},{"ddd":0,"ind":2,"ty":4,"nm":"Burst","sr":1,"ks":{"o":{"a":0,"k":100,"ix":11},"r":{"a":0,"k":0,"ix":10},"p":{"a":0,"k":[236,236,0],"ix":2},"a":{"a":0,"k":[0,0,0],"ix":1},"s":{"a":0,"k":[100,100,100],"ix":6}},"ao":0,"ef":[{"ty":5,"nm":"Global Position","np":3,"mn":"ADBE Point Control","ix":1,"en":1,"ef":[{"ty":3,"nm":"点","mn":"ADBE Point Control-0001","ix":1,"v":{"a":0,"k":[236,236],"ix":1}}]},{"ty":5,"nm":"# of Copies","np":3,"mn":"ADBE Slider Control","ix":2,"en":1,"ef":[{"ty":0,"nm":"滑块","mn":"ADBE Slider Control-0001","ix":1,"v":{"a":0,"k":7,"ix":1}}]},{"ty":5,"nm":"Copies Revolution","np":3,"mn":"ADBE Slider Control","ix":3,"en":1,"ef":[{"ty":0,"nm":"滑块","mn":"ADBE Slider Control-0001","ix":1,"v":{"a":0,"k":360,"ix":1}}]},{"ty":5,"nm":"Revolution Offset","np":3,"mn":"ADBE Slider Control","ix":4,"en":1,"ef":[{"ty":0,"nm":"滑块","mn":"ADBE Slider Control-0001","ix":1,"v":{"a":0,"k":0,"ix":1}}]},{"ty":5,"nm":"Burst Offset","np":3,"mn":"ADBE Slider Control","ix":5,"en":1,"ef":[{"ty":0,"nm":"滑块","mn":"ADBE Slider Control-0001","ix":1,"v":{"a":0,"k":0,"ix":1}}]},{"ty":5,"nm":"Distance from Center","np":3,"mn":"ADBE Slider Control","ix":6,"en":1,"ef":[{"ty":0,"nm":"滑块","mn":"ADBE Slider Control-0001","ix":1,"v":{"a":1,"k":[{"i":{"x":[0.022],"y":[1]},"o":{"x":[0.333],"y":[0]},"n":["0p022_1_0p333_0"],"t":194,"s":[42],"e":[59]},{"t":215}],"ix":1}}]},{"ty":5,"nm":"Link Width & Height","np":3,"mn":"ADBE Checkbox Control","ix":7,"en":1,"ef":[{"ty":7,"nm":"复选框","mn":"ADBE Checkbox Control-0001","ix":1,"v":{"a":0,"k":0,"ix":1}}]},{"ty":5,"nm":"Burst Width","np":3,"mn":"ADBE Slider Control","ix":8,"en":1,"ef":[{"ty":0,"nm":"滑块","mn":"ADBE Slider Control-0001","ix":1,"v":{"a":1,"k":[{"i":{"x":[0.833],"y":[0.833]},"o":{"x":[0.167],"y":[0.167]},"n":["0p833_0p833_0p167_0p167"],"t":207,"s":[8],"e":[7.865]},{"i":{"x":[0.833],"y":[0.833]},"o":{"x":[0.167],"y":[0.167]},"n":["0p833_0p833_0p167_0p167"],"t":208,"s":[7.865],"e":[7.49]},{"i":{"x":[0.833],"y":[0.833]},"o":{"x":[0.167],"y":[0.167]},"n":["0p833_0p833_0p167_0p167"],"t":209,"s":[7.49],"e":[6.919]},{"i":{"x":[0.833],"y":[0.833]},"o":{"x":[0.167],"y":[0.167]},"n":["0p833_0p833_0p167_0p167"],"t":210,"s":[6.919],"e":[6.194]},{"i":{"x":[0.833],"y":[0.833]},"o":{"x":[0.167],"y":[0.167]},"n":["0p833_0p833_0p167_0p167"],"t":211,"s":[6.194],"e":[5.36]},{"i":{"x":[0.833],"y":[0.833]},"o":{"x":[0.167],"y":[0.167]},"n":["0p833_0p833_0p167_0p167"],"t":212,"s":[5.36],"e":[4.461]},{"i":{"x":[0.833],"y":[0.833]},"o":{"x":[0.167],"y":[0.167]},"n":["0p833_0p833_0p167_0p167"],"t":213,"s":[4.461],"e":[3.539]},{"i":{"x":[0.833],"y":[0.833]},"o":{"x":[0.167],"y":[0.167]},"n":["0p833_0p833_0p167_0p167"],"t":214,"s":[3.539],"e":[2.64]},{"i":{"x":[0.833],"y":[0.833]},"o":{"x":[0.167],"y":[0.167]},"n":["0p833_0p833_0p167_0p167"],"t":215,"s":[2.64],"e":[1.806]},{"i":{"x":[0.833],"y":[0.833]},"o":{"x":[0.167],"y":[0.167]},"n":["0p833_0p833_0p167_0p167"],"t":216,"s":[1.806],"e":[1.081]},{"i":{"x":[0.833],"y":[0.833]},"o":{"x":[0.167],"y":[0.167]},"n":["0p833_0p833_0p167_0p167"],"t":217,"s":[1.081],"e":[0.51]},{"i":{"x":[0.833],"y":[0.833]},"o":{"x":[0.167],"y":[0.167]},"n":["0p833_0p833_0p167_0p167"],"t":218,"s":[0.51],"e":[0.135]},{"i":{"x":[0.833],"y":[0.833]},"o":{"x":[0.167],"y":[0.167]},"n":["0p833_0p833_0p167_0p167"],"t":219,"s":[0.135],"e":[0]},{"t":220}],"ix":1}}]},{"ty":5,"nm":"Burst Height","np":3,"mn":"ADBE Slider Control","ix":9,"en":1,"ef":[{"ty":0,"nm":"滑块","mn":"ADBE Slider Control-0001","ix":1,"v":{"a":1,"k":[{"i":{"x":[0.667],"y":[1]},"o":{"x":[0.333],"y":[0]},"n":["0p667_1_0p333_0"],"t":207,"s":[8],"e":[0]},{"t":220}],"ix":1}}]},{"ty":5,"nm":"Stroke Width","np":3,"mn":"ADBE Slider Control","ix":10,"en":1,"ef":[{"ty":0,"nm":"滑块","mn":"ADBE Slider Control-0001","ix":1,"v":{"a":0,"k":-158,"ix":1}}]},{"ty":5,"nm":"Fill On | Off","np":3,"mn":"ADBE Checkbox Control","ix":11,"en":1,"ef":[{"ty":7,"nm":"复选框","mn":"ADBE Checkbox Control-0001","ix":1,"v":{"a":0,"k":1,"ix":1}}]},{"ty":5,"nm":"Fill Color","np":3,"mn":"ADBE Color Control","ix":12,"en":1,"ef":[{"ty":2,"nm":"颜色","mn":"ADBE Color Control-0001","ix":1,"v":{"a":0,"k":[0.333333343267,0.866666674614,0.949019610882,1],"ix":1}}]},{"ty":5,"nm":"Stroke On | Off","np":3,"mn":"ADBE Checkbox Control","ix":13,"en":1,"ef":[{"ty":7,"nm":"复选框","mn":"ADBE Checkbox Control-0001","ix":1,"v":{"a":0,"k":1,"ix":1}}]},{"ty":5,"nm":"Stroke Color","np":3,"mn":"ADBE Color Control","ix":14,"en":1,"ef":[{"ty":2,"nm":"颜色","mn":"ADBE Color Control-0001","ix":1,"v":{"a":0,"k":[0.453999996185,0.73299998045,1,1],"ix":1}}]},{"ty":5,"nm":"Burst Roundness","np":3,"mn":"ADBE Slider Control","ix":15,"en":1,"ef":[{"ty":0,"nm":"滑块","mn":"ADBE Slider Control-0001","ix":1,"v":{"a":0,"k":94,"ix":1}}]},{"ty":5,"nm":"Link Seq. Width & Height","np":3,"mn":"ADBE Checkbox Control","ix":16,"en":1,"ef":[{"ty":7,"nm":"复选框","mn":"ADBE Checkbox Control-0001","ix":1,"v":{"a":0,"k":1,"ix":1}}]},{"ty":5,"nm":"Sequential - Width","np":3,"mn":"ADBE Slider Control","ix":17,"en":1,"ef":[{"ty":0,"nm":"滑块","mn":"ADBE Slider Control-0001","ix":1,"v":{"a":0,"k":0,"ix":1}}]},{"ty":5,"nm":"Sequential - Height","np":3,"mn":"ADBE Slider Control","ix":18,"en":1,"ef":[{"ty":0,"nm":"滑块","mn":"ADBE Slider Control-0001","ix":1,"v":{"a":0,"k":45,"ix":1}}]}],"shapes":[{"ty":"gr","it":[{"ty":"rc","d":1,"s":{"a":1,"k":[{"i":{"x":[0.833,0.833],"y":[0.833,0.833]},"o":{"x":[0.167,0.167],"y":[0.167,0.167]},"n":["0p833_0p833_0p167_0p167","0p833_0p833_0p167_0p167"],"t":207,"s":[8,8],"e":[7.865,7.865]},{"i":{"x":[0.833,0.833],"y":[0.833,0.833]},"o":{"x":[0.167,0.167],"y":[0.167,0.167]},"n":["0p833_0p833_0p167_0p167","0p833_0p833_0p167_0p167"],"t":208,"s":[7.865,7.865],"e":[7.49,7.49]},{"i":{"x":[0.833,0.833],"y":[0.833,0.833]},"o":{"x":[0.167,0.167],"y":[0.167,0.167]},"n":["0p833_0p833_0p167_0p167","0p833_0p833_0p167_0p167"],"t":209,"s":[7.49,7.49],"e":[6.919,6.919]},{"i":{"x":[0.833,0.833],"y":[0.833,0.833]},"o":{"x":[0.167,0.167],"y":[0.167,0.167]},"n":["0p833_0p833_0p167_0p167","0p833_0p833_0p167_0p167"],"t":210,"s":[6.919,6.919],"e":[6.194,6.194]},{"i":{"x":[0.833,0.833],"y":[0.833,0.833]},"o":{"x":[0.167,0.167],"y":[0.167,0.167]},"n":["0p833_0p833_0p167_0p167","0p833_0p833_0p167_0p167"],"t":211,"s":[6.194,6.194],"e":[5.36,5.36]},{"i":{"x":[0.833,0.833],"y":[0.833,0.833]},"o":{"x":[0.167,0.167],"y":[0.167,0.167]},"n":["0p833_0p833_0p167_0p167","0p833_0p833_0p167_0p167"],"t":212,"s":[5.36,5.36],"e":[4.461,4.461]},{"i":{"x":[0.833,0.833],"y":[0.833,0.833]},"o":{"x":[0.167,0.167],"y":[0.167,0.167]},"n":["0p833_0p833_0p167_0p167","0p833_0p833_0p167_0p167"],"t":213,"s":[4.461,4.461],"e":[3.539,3.539]},{"i":{"x":[0.833,0.833],"y":[0.833,0.833]},"o":{"x":[0.167,0.167],"y":[0.167,0.167]},"n":["0p833_0p833_0p167_0p167","0p833_0p833_0p167_0p167"],"t":214,"s":[3.539,3.539],"e":[2.64,2.64]},{"i":{"x":[0.833,0.833],"y":[0.833,0.833]},"o":{"x":[0.167,0.167],"y":[0.167,0.167]},"n":["0p833_0p833_0p167_0p167","0p833_0p833_0p167_0p167"],"t":215,"s":[2.64,2.64],"e":[1.806,1.806]},{"i":{"x":[0.833,0.833],"y":[0.833,0.833]},"o":{"x":[0.167,0.167],"y":[0.167,0.167]},"n":["0p833_0p833_0p167_0p167","0p833_0p833_0p167_0p167"],"t":216,"s":[1.806,1.806],"e":[1.081,1.081]},{"i":{"x":[0.833,0.833],"y":[0.833,0.833]},"o":{"x":[0.167,0.167],"y":[0.167,0.167]},"n":["0p833_0p833_0p167_0p167","0p833_0p833_0p167_0p167"],"t":217,"s":[1.081,1.081],"e":[0.51,0.51]},{"i":{"x":[0.833,0.833],"y":[0.833,0.833]},"o":{"x":[0.167,0.167],"y":[0.167,0.167]},"n":["0p833_0p833_0p167_0p167","0p833_0p833_0p167_0p167"],"t":218,"s":[0.51,0.51],"e":[0.135,0.135]},{"i":{"x":[0.833,0.833],"y":[0.833,0.833]},"o":{"x":[0.167,0.167],"y":[0.167,0.167]},"n":["0p833_0p833_0p167_0p167","0p833_0p833_0p167_0p167"],"t":219,"s":[0.135,0.135],"e":[0,0]},{"t":220}],"ix":2},"p":{"a":1,"k":[{"i":{"x":0.833,"y":0.833},"o":{"x":0.167,"y":0.167},"n":"0p833_0p833_0p167_0p167","t":194,"s":[0,42],"e":[0,42.137],"to":[0,0.02278327941895],"ti":[0,-0.11184819787741]},{"i":{"x":0.833,"y":0.833},"o":{"x":0.167,"y":0.167},"n":"0p833_0p833_0p167_0p167","t":195,"s":[0,42.137],"e":[0,42.671],"to":[0,0.11184819787741],"ti":[0,-0.30094018578529]},{"i":{"x":0.833,"y":0.833},"o":{"x":0.167,"y":0.167},"n":"0p833_0p833_0p167_0p167","t":196,"s":[0,42.671],"e":[0,43.942],"to":[0,0.30094018578529],"ti":[0,-0.62646931409836]},{"i":{"x":0.833,"y":0.833},"o":{"x":0.167,"y":0.167},"n":"0p833_0p833_0p167_0p167","t":197,"s":[0,43.942],"e":[0,46.43],"to":[0,0.62646931409836],"ti":[0,-0.91391372680664]},{"i":{"x":0.833,"y":0.833},"o":{"x":0.167,"y":0.167},"n":"0p833_0p833_0p167_0p167","t":198,"s":[0,46.43],"e":[0,49.426],"to":[0,0.91391372680664],"ti":[0,-0.88266688585281]},{"i":{"x":0.833,"y":0.833},"o":{"x":0.167,"y":0.167},"n":"0p833_0p833_0p167_0p167","t":199,"s":[0,49.426],"e":[0,51.726],"to":[0,0.88266688585281],"ti":[0,-0.65846318006516]},{"i":{"x":0.833,"y":0.833},"o":{"x":0.167,"y":0.167},"n":"0p833_0p833_0p167_0p167","t":200,"s":[0,51.726],"e":[0,53.377],"to":[0,0.65846318006516],"ti":[0,-0.48044013977051]},{"i":{"x":0.833,"y":0.833},"o":{"x":0.167,"y":0.167},"n":"0p833_0p833_0p167_0p167","t":201,"s":[0,53.377],"e":[0,54.609],"to":[0,0.48044013977051],"ti":[0,-0.36415100097656]},{"i":{"x":0.833,"y":0.833},"o":{"x":0.167,"y":0.167},"n":"0p833_0p833_0p167_0p167","t":202,"s":[0,54.609],"e":[0,55.562],"to":[0,0.36415100097656],"ti":[0,-0.2846539914608]},{"i":{"x":0.833,"y":0.833},"o":{"x":0.167,"y":0.167},"n":"0p833_0p833_0p167_0p167","t":203,"s":[0,55.562],"e":[0,56.316],"to":[0,0.2846539914608],"ti":[0,-0.22697193920612]},{"i":{"x":0.833,"y":0.833},"o":{"x":0.167,"y":0.167},"n":"0p833_0p833_0p167_0p167","t":204,"s":[0,56.316],"e":[0,56.923],"to":[0,0.22697193920612],"ti":[0,-0.18306033313274]},{"i":{"x":0.833,"y":0.833},"o":{"x":0.167,"y":0.167},"n":"0p833_0p833_0p167_0p167","t":205,"s":[0,56.923],"e":[0,57.415],"to":[0,0.18306033313274],"ti":[0,-0.14837200939655]},{"i":{"x":0.833,"y":0.833},"o":{"x":0.167,"y":0.167},"n":"0p833_0p833_0p167_0p167","t":206,"s":[0,57.415],"e":[0,57.814],"to":[0,0.14837200939655],"ti":[0,-0.12017059326172]},{"i":{"x":0.833,"y":0.833},"o":{"x":0.167,"y":0.167},"n":"0p833_0p833_0p167_0p167","t":207,"s":[0,57.814],"e":[0,58.136],"to":[0,0.12017059326172],"ti":[0,-0.09671211242676]},{"i":{"x":0.833,"y":0.833},"o":{"x":0.167,"y":0.167},"n":"0p833_0p833_0p167_0p167","t":208,"s":[0,58.136],"e":[0,58.394],"to":[0,0.09671211242676],"ti":[0,-0.07683563232422]},{"i":{"x":0.833,"y":0.833},"o":{"x":0.167,"y":0.167},"n":"0p833_0p833_0p167_0p167","t":209,"s":[0,58.394],"e":[0,58.597],"to":[0,0.07683563232422],"ti":[0,-0.05973498150706]},{"i":{"x":0.833,"y":0.833},"o":{"x":0.167,"y":0.167},"n":"0p833_0p833_0p167_0p167","t":210,"s":[0,58.597],"e":[0,58.752],"to":[0,0.05973498150706],"ti":[0,-0.04483349993825]},{"i":{"x":0.833,"y":0.833},"o":{"x":0.167,"y":0.167},"n":"0p833_0p833_0p167_0p167","t":211,"s":[0,58.752],"e":[0,58.866],"to":[0,0.04483349993825],"ti":[0,-0.03170903399587]},{"i":{"x":0.833,"y":0.833},"o":{"x":0.167,"y":0.167},"n":"0p833_0p833_0p167_0p167","t":212,"s":[0,58.866],"e":[0,58.943],"to":[0,0.03170903399587],"ti":[0,-0.02003987692297]},{"i":{"x":0.833,"y":0.833},"o":{"x":0.167,"y":0.167},"n":"0p833_0p833_0p167_0p167","t":213,"s":[0,58.943],"e":[0,58.986],"to":[0,0.02003987692297],"ti":[0,-0.00958188343793]},{"i":{"x":0.833,"y":0.833},"o":{"x":0.167,"y":0.167},"n":"0p833_0p833_0p167_0p167","t":214,"s":[0,58.986],"e":[0,59],"to":[0,0.00958188343793],"ti":[0,-0.00231488537975]},{"t":215}],"ix":3},"r":{"a":0,"k":94,"ix":4},"nm":"Burst Piece 1","mn":"ADBE Vector Shape - Rect","hd":false},{"ty":"rp","c":{"a":0,"k":7,"ix":1},"o":{"a":0,"k":0,"ix":2},"m":1,"ix":2,"tr":{"ty":"tr","p":{"a":0,"k":[0,0],"ix":2},"a":{"a":0,"k":[0,0],"ix":1},"s":{"a":0,"k":[100,100],"ix":3},"r":{"a":0,"k":51.429,"ix":4},"so":{"a":0,"k":100,"ix":5},"eo":{"a":0,"k":100,"ix":6},"nm":"变换"},"nm":"Repeater 1","mn":"ADBE Vector Filter - Repeater","hd":false},{"ty":"st","c":{"a":0,"k":[0.453999996185,0.73299998045,1,1],"ix":3},"o":{"a":0,"k":100,"ix":4},"w":{"a":0,"k":0,"ix":5},"lc":1,"lj":1,"ml":4,"nm":"描边 1","mn":"ADBE Vector Graphic - Stroke","hd":false},{"ty":"fl","c":{"a":0,"k":[0.333333343267,0.866666674614,0.949019610882,1],"ix":4},"o":{"a":0,"k":100,"ix":5},"r":1,"nm":"填充 1","mn":"ADBE Vector Graphic - Fill","hd":false},{"ty":"tr","p":{"a":0,"k":[0,0],"ix":2},"a":{"a":0,"k":[0,0],"ix":1},"s":{"a":0,"k":[100,100],"ix":3},"r":{"a":0,"k":0,"ix":6},"o":{"a":0,"k":100,"ix":7},"sk":{"a":0,"k":0,"ix":4},"sa":{"a":0,"k":0,"ix":5},"nm":"变换"}],"nm":"Rectangle 1","np":5,"cix":2,"ix":1,"mn":"ADBE Vector Group","hd":false}],"ip":194,"op":3601,"st":1,"bm":0},{"ddd":0,"ind":3,"ty":2,"nm":"normal_ico","refId":"image_0","sr":1,"ks":{"o":{"a":0,"k":100,"ix":11},"r":{"a":0,"k":0,"ix":10},"p":{"a":0,"k":[236,241,0],"ix":2},"a":{"a":0,"k":[58,59,0],"ix":1},"s":{"a":1,"k":[{"i":{"x":[0.667,0.667,0.667],"y":[1,1,1]},"o":{"x":[0.333,0.333,0.333],"y":[0,0,0]},"n":["0p667_1_0p333_0","0p667_1_0p333_0","0p667_1_0p333_0"],"t":186,"s":[100,100,100],"e":[0,0,100]},{"t":196}],"ix":6}},"ao":0,"ip":0,"op":253,"st":6,"bm":0},{"ddd":0,"ind":4,"ty":2,"nm":"highlight_ico","refId":"image_1","sr":1,"ks":{"o":{"a":0,"k":100,"ix":11},"r":{"a":0,"k":0,"ix":10},"p":{"a":0,"k":[236,241,0],"ix":2},"a":{"a":0,"k":[58,59,0],"ix":1},"s":{"a":1,"k":[{"i":{"x":[0.667,0.667,0.667],"y":[1,1,1]},"o":{"x":[0.333,0.333,0.333],"y":[0,0,0]},"n":["0p667_1_0p333_0","0p667_1_0p333_0","0p667_1_0p333_0"],"t":191,"s":[0,0,100],"e":[100,100,100]},{"t":201}],"ix":6,"x":"var $bm_rt;\nvar amorti, freq, speedLimit, rebond, tempsClefProx, tempsDebut, tempsDebut, temps, spring, spring;\namorti = effect('\\u7f29\\u653e Spring')(2);\nfreq = effect('\\u7f29\\u653e Spring')(1);\nspeedLimit = effect('\\u7f29\\u653e Spring')(3);\n$bm_rt = rebond = 0;\nif (numKeys > 1 && freq != 0) {\n    if (nearestKey(time).index == 1) {\n        $bm_rt = value;\n    } else {\n        if (length(velocity) <= speedLimit) {\n            tempsClefProx = nearestKey(time).time;\n            if (tempsClefProx <= time) {\n                tempsDebut = tempsClefProx;\n            } else {\n                tempsDebut = key(sub(nearestKey(time).index, 1)).time;\n            }\n            temps = sub(time, tempsDebut);\n            $bm_rt = spring = mul(velocityAtTime(sub(tempsDebut, thisComp.frameDuration)), div(mul(div(0.15, freq), Math.sin(mul(mul(mul(freq, temps), 2), Math.PI))), Math.exp(mul(temps, amorti))));\n            if (speedLimit > 0)\n                $bm_rt = spring = mul(spring, sub(1, div(length(velocity), speedLimit)));\n            if (rebond == 0)\n                $bm_rt = sum(valueAtTime(tempsDebut), spring);\n            if (rebond == 1 && valueAtTime(tempsDebut - thisComp.frameDuration) > valueAtTime(tempsDebut))\n                $bm_rt = sum(valueAtTime(tempsDebut), Math.abs(spring));\n            if (rebond == 1 && valueAtTime(tempsDebut - thisComp.frameDuration) < valueAtTime(tempsDebut))\n                $bm_rt = sub(valueAtTime(tempsDebut), Math.abs(spring));\n        } else {\n            $bm_rt = value;\n        }\n    }\n} else {\n    $bm_rt = value;\n}"}},"ao":0,"ef":[{"ty":5,"nm":"缩放 Spring","np":5,"mn":"PSEUDO/DUIK_Spring","ix":1,"en":1,"ef":[{"ty":0,"nm":"Elasticity","mn":"PSEUDO/DUIK_Spring-0001","ix":1,"v":{"a":0,"k":2,"ix":1}},{"ty":0,"nm":"Damping","mn":"PSEUDO/DUIK_Spring-0002","ix":2,"v":{"a":0,"k":4,"ix":2}},{"ty":0,"nm":"Trigger speed","mn":"PSEUDO/DUIK_Spring-0003","ix":3,"v":{"a":0,"k":0.1,"ix":3}}]}],"ip":191,"op":3606,"st":6,"bm":0},{"ddd":0,"ind":5,"ty":2,"nm":"light","refId":"image_2","sr":1,"ks":{"o":{"a":1,"k":[{"i":{"x":[0.833],"y":[0.833]},"o":{"x":[0.167],"y":[0.167]},"n":["0p833_0p833_0p167_0p167"],"t":186,"s":[0],"e":[100]},{"t":192}],"ix":11},"r":{"a":0,"k":0,"ix":10},"p":{"a":0,"k":[18,22,0],"ix":2},"a":{"a":0,"k":[0,0,0],"ix":1},"s":{"a":0,"k":[100,100,100],"ix":6}},"ao":0,"ip":186,"op":3612,"st":17,"bm":0},{"ddd":0,"ind":6,"ty":2,"nm":"loading_bg3","refId":"image_3","sr":1,"ks":{"o":{"a":0,"k":100,"ix":11},"r":{"a":0,"k":0,"ix":10},"p":{"a":0,"k":[36,36,0],"ix":2},"a":{"a":0,"k":[0,0,0],"ix":1},"s":{"a":0,"k":[100,100,100],"ix":6}},"ao":0,"ip":0,"op":3600,"st":0,"bm":0},{"ddd":0,"ind":7,"ty":2,"nm":"loading_press","refId":"image_4","sr":1,"ks":{"o":{"a":1,"k":[{"t":0,"s":[100],"h":1},{"t":2,"s":[0],"h":1},{"t":4,"s":[100],"h":1}],"ix":11},"r":{"a":0,"k":0,"ix":10},"p":{"a":0,"k":[56,66,0],"ix":2},"a":{"a":0,"k":[0,0,0],"ix":1},"s":{"a":0,"k":[100,100,100],"ix":6}},"ao":0,"ip":0,"op":3600,"st":0,"bm":0},{"ddd":0,"ind":8,"ty":4,"nm":"line","sr":1,"ks":{"o":{"a":0,"k":100,"ix":11},"r":{"a":0,"k":180,"ix":10},"p":{"a":0,"k":[236,236,0],"ix":2},"a":{"a":0,"k":[24.938,28.938,0],"ix":1},"s":{"a":0,"k":[100,100,100],"ix":6}},"ao":0,"ef":[{"ty":5,"nm":"描边宽度 Spring","np":6,"mn":"PSEUDO/DUIK_Spring_Bounce","ix":1,"en":1,"ef":[{"ty":0,"nm":"Elasticity","mn":"PSEUDO/DUIK_Spring_Bounce-0001","ix":1,"v":{"a":0,"k":4,"ix":1}},{"ty":0,"nm":"Damping","mn":"PSEUDO/DUIK_Spring_Bounce-0002","ix":2,"v":{"a":0,"k":5,"ix":2}},{"ty":7,"nm":"Bounce","mn":"PSEUDO/DUIK_Spring_Bounce-0003","ix":3,"v":{"a":0,"k":0,"ix":3}},{"ty":0,"nm":"Trigger speed","mn":"PSEUDO/DUIK_Spring_Bounce-0004","ix":4,"v":{"a":0,"k":0.1,"ix":4}}]}],"shapes":[{"ty":"gr","it":[{"d":1,"ty":"el","s":{"a":0,"k":[376,376],"ix":2},"p":{"a":0,"k":[0,0],"ix":3},"nm":"椭圆路径 1","mn":"ADBE Vector Shape - Ellipse","hd":false},{"ty":"st","c":{"a":0,"k":[0.333333333333,0.866666666667,0.949019607843,1],"ix":3},"o":{"a":0,"k":100,"ix":4},"w":{"a":1,"k":[{"i":{"x":[0.667],"y":[0.894]},"o":{"x":[0.465],"y":[0]},"n":["0p667_0p894_0p465_0"],"t":180,"s":[10],"e":[20]},{"t":192}],"ix":5},"lc":2,"lj":2,"nm":"描边 1","mn":"ADBE Vector Graphic - Stroke","hd":false},{"ty":"tr","p":{"a":0,"k":[24.938,28.938],"ix":2},"a":{"a":0,"k":[0,0],"ix":1},"s":{"a":0,"k":[100,100],"ix":3},"r":{"a":0,"k":0,"ix":6},"o":{"a":0,"k":100,"ix":7},"sk":{"a":0,"k":0,"ix":4},"sa":{"a":0,"k":0,"ix":5},"nm":"变换"}],"nm":"椭圆 1","np":3,"cix":2,"ix":1,"mn":"ADBE Vector Group","hd":false},{"ty":"tm","s":{"a":0,"k":0,"ix":1},"e":{"a":1,"k":[{"i":{"x":[0.833],"y":[0.833]},"o":{"x":[0.167],"y":[0.167]},"n":["0p833_0p833_0p167_0p167"],"t":6,"s":[0],"e":[100]},{"t":186}],"ix":2},"o":{"a":0,"k":0,"ix":3},"m":1,"ix":2,"nm":"修剪路径 1","mn":"ADBE Vector Filter - Trim","hd":false}],"ip":6,"op":3606,"st":6,"bm":0},{"ddd":0,"ind":9,"ty":2,"nm":"loading_bg2","refId":"image_5","sr":1,"ks":{"o":{"a":0,"k":100,"ix":11},"r":{"a":0,"k":0,"ix":10},"p":{"a":0,"k":[46,50,0],"ix":2},"a":{"a":0,"k":[0,0,0],"ix":1},"s":{"a":0,"k":[100,100,100],"ix":6}},"ao":0,"ip":0,"op":3600,"st":0,"bm":0},{"ddd":0,"ind":10,"ty":2,"nm":"loading_bg","refId":"image_6","sr":1,"ks":{"o":{"a":0,"k":100,"ix":11},"r":{"a":0,"k":0,"ix":10},"p":{"a":0,"k":[36,36,0],"ix":2},"a":{"a":0,"k":[0,0,0],"ix":1},"s":{"a":0,"k":[100,100,100],"ix":6}},"ao":0,"ip":0,"op":3600,"st":0,"bm":0}],"markers":[{"tm":0.00166666666667,"cm":"转圈开始","dr":0},{"tm":0.05138888888889,"cm":"转圈结束","dr":0}]}